,Preço atual,Preço original,Nome do produto,Marca,Peso(em ML),Revendedor,Link principal
1,"R$ 6,59","R$ 6,59",Óleo de Soja ,Soya,900ml,Clube Extra,https://www.clubeextra.com.br/produto/124153/oleo-de-soja-soya-garrafa-900ml
2,"R$ 6,69","R$ 6,69",Óleo de Soja ,Soya,900ml,Pão de Açúcar,https://www.paodeacucar.com/produto/124153/oleo-de-soja-soya-garrafa-900ml
3,"R$ 6,49","R$ 6,49",Óleo de Soja ,Soya,900ml,Supermercado Olho D'Água,https://superolhodagua.instabuy.com.br/p/Oleo-de-Soja-SOYA-900ml
4,"R$ 6,99","R$ 6,99",Óleo de Soja ,Soya,900ml,Oba Hortifruti,https://www.obahortifruti.com.br/oleo-de-soja-soya-900-ml/p
5,"R$ 6,58","R$ 6,58",Óleo de Soja ,Soya,900ml,Trimais Supermercados,https://www.trimais.com.br/oleo-de-soja-soya-garrafa-900ml/p
6,"R$ 8,99","R$ 8,99",Óleo de Soja ,Soya,900ml,Bomboi Mercado de Carnes,https://madureira.acouguebomboi.com.br/produto/oleo-de-soja-900ml/
7,"R$ 9,59","R$ 9,59",Óleo de Soja ,Soya,900ml,Mikami,https://mikami.instabuy.com.br/p/Oleo-de-Soja-Soya-Garrafa-900ml
8,"R$ 5,99","R$ 5,99",Óleo de Soja ,Soya,900ml,Hortifruti,https://hortifruti.com.br/oleo-de-soja-soya-garrafa-900ml.html
9,"R$ 5,95","R$ 6,99",Óleo de Soja ,Soya,900ml,Zona Sul Supermercados,https://www.zonasul.com.br/oleo-de-soja-soya-900ml-102350/p
10,"R$ 7,89","R$ 7,89",Óleo de Soja ,Soya,900ml,Super Mais Supermercados,https://www.supermercadossupermais.com.br/produtos/codigo-7891107101621/
11,"R$ 8,39","R$ 8,39",Óleo de Soja ,Soya,900ml,Pátio Gourmet,https://www.patiogourmet.com.br/oleo-de-soja-soya-garrafa-900ml/p
12,"R$ 7,89","R$ 7,89",Óleo de Soja ,Soya,900ml,Nosso Pão,https://supermercadopaonosso.instabuy.com.br/p/Oleo-de-Soja-Soya-Garrafa-900ml
13,"R$ 5,75","R$ 5,75",Óleo de Soja ,Soya,900ml,SV São Vicente,https://www.svicente.com.br/%C3%93leo-De-Soja-Soya-Pet-900ml-9016.html
14,"R$ 6,29","R$ 7,99",Óleo de Soja ,Soya,900ml,SuperTem,https://supertem.com.br/loja/oleo-soja-soya-900ml/
15,"R$ 5,95","R$ 5,95",Óleo de Soja ,Soya,900ml,Arena atacado,https://www.arenaatacado.com.br/%C3%93leo-De-Soja-Soya-Pet-900ml-9016.html
16,"R$ 9,99","R$ 9,99",Óleo de Soja ,Soya,900ml,Empório Muro Alto,https://emporiomuroalto.com.br/loja/produto/oleo-soja-soya-900-ml-pet-1964/
17,"R$ 5,69","R$ 5,98",Óleo de Soja ,Soya,900ml,Lavagnoli Supermercados,https://www.lavagnoli.com.br/oleo-soya-pet-900ml/p
18,"R$ 6,17","R$ 6,86",Óleo de Soja ,Soya,900ml,Bistek Supermercados,https://www.bistek.com.br/oleo-de-soja-soya-900ml-pet-1030981/p
19,"R$ 5,29","R$ 5,29",Óleo de Soja ,Soya,900ml,Amigão Supermercados,https://www.amigao.com/tupa/oleo-de-soja-soya-pet-900ml-3590.html
20,"R$ 7,38","R$ 7,38",Óleo de Soja ,Soya,900ml,Supermercado Preço Baixo,https://www.precobaixosupermercado.com.br/p/Oleo-de-Soja-Soya-Garrafa-900ml
21,"R$ 13,89","R$ 13,89",Óleo de Soja ,Soya,900ml,Boníssima Vila da Serra,https://bonissimaviladaserra.com.br/shop/product/oleo-de-soja-soya-900ml-23903#attr=
22,"R$ 7,64","R$ 7,64",Óleo de Soja ,Soya,900ml,Super Campeiro,https://www.supercampeiro.com/oleo-de-soja-soya-pet-900ml
23,"R$ 6,79","R$ 6,79",Óleo de Soja ,Soya,900ml,Covabra Supermercado,https://www.covabra.com.br/oleo-de-soja-soya-900ml/p
24,"R$ 5,95","R$ 5,95",Óleo de Soja ,Soya,900ml,Sam's Club,https://www.samsclub.com.br/oleo-de-soja-soya-900ml-7891107101621/p
25,"R$ 6,75","R$ 6,75",Óleo de Soja ,Soya,900ml,Mercado Junior,https://mercadomjr.com.br/loja/produto/oleo-de-soja-soya-900ml-28539/
26,"R$ 7,39","R$ 7,39",Óleo de Soja ,Soya,900ml,Machado Carnes,https://www.machadocarnes.com.br/oleo-de-soja-soya-pet-900ml-243/p
27,"R$ 6,69","R$ 6,69",Óleo de Soja ,Soya,900ml,Serve Bem Supermercado,https://www.redeservebem.com/products/oleo-soja-soya-900ml
28,"R$ 7,34","R$ 7,34",Óleo de Soja ,Soya,900ml,Deskontão Atacado,https://www.deskontao.com.br/oleo-de-soja-soya-900ml-2023-1007
29,"R$ 5,99","R$ 5,99",Óleo de Soja ,Soya,900ml,Supermercados Ruscíto,https://www.supermercadosruscito.com.br/p/Oleo-de-Soja-Soya-Garrafa-900ml
30,"R$ 5,99","R$ 7,50",Óleo de Soja ,Soya,900ml,Hortifruti Delivery,https://hortifrutinoponto.lojavirtualnuvem.com.br/produtos/oleo-de-soja-soya-900ml/
31,"R$ 17,99","R$ 17,99",Óleo de Milho Liza,Liza especiais,900ml,Pão De Açúcar,https://www.paodeacucar.com/produto/4446/oleo-de-milho-liza-pet-900ml
32,"R$ 26,12","R$ 26,12",Óleo de Milho Liza,Liza,900ml,BEMOL,https://www.bemol.com.br/oleo-de-milho-liza-900ml-p1104710
33,"R$ 17,59","R$ 17,59",Óleo de Milho Liza,Liza,900ml,Supermercado Bretas,https://www.bretas.com.br/oleo-de-milho-liza-especiais-900ml/p
34,"R$ 18,95","R$ 18,95",Óleo de Milho Liza,Liza,900ml,Magazine Luiza,https://www.magazineluiza.com.br/oleo-de-milho-liza-especiais-900ml/p/dh17djkjfc/me/olcz/?msockid=3d1688fc6dc866213d489c416c996734
35,"R$ 14,99","R$ 14,99",Óleo de Milho Liza,Liza,900ml,Supermercado Pague Menos,https://www.superpaguemenos.com.br/oleo-de-milho-liza-900ml/p
36,"R$ 14,99","R$ 14,99",Óleo de Milho Liza,Liza,900ml,Extrabom Supermercados,https://www.extrabom.com.br/p/a-leo-de-milho-liza-900ml/9459/
37,"R$ 22,90","R$ 22,90",Óleo de Milho Liza,Liza,900ml,Mercado Brasco,https://www.mercadobrasco.com.br/oleo-de-milho-tipo-1-liza-especiais-garrafa-900ml/7896036090619/d
38,"R$ 17,59","R$ 17,59",Óleo de Milho Liza,Liza,900ml,Cato Supermercados,https://www.loja.catosupermercados.com.br/p/Oleo-de-Milho-Tipo-1-Liza-Especiais-Garrafa-900ml
39,"R$ 18,99","R$ 18,99",Óleo de Milho Liza,Liza,900ml,Supermago Supermercados,https://supermago.com.br/oleo-milho-tipo-1-liza-especiais-garrafa-900ml/7896036090619/d
40,"R$ 16,20","R$ 16,20",Óleo de Milho Liza,Liza,900ml,Supermercado Savegnago,https://www.savegnago.com.br/oleo-milho-liza-900ml/p
41,"R$ 15,29","R$ 15,29",Óleo de Milho Liza,Liza,900ml,Clube Extra,https://www.clubeextra.com.br/produto/4446/oleo-de-milho-liza-pet-900ml
42,"R$ 18,98","R$ 18,98",Óleo de Milho Liza,Liza,900ml,TriMais Supermercados,https://www.trimais.com.br/oleo-de-milho-tipo-1-liza-especiais-garrafa-900ml/p
43,"R$ 15,99","R$ 15,99",Óleo de Milho Liza,Liza,900ml,Supermercado Nosso Pão,https://supermercadopaonosso.instabuy.com.br/p/Oleo-de-Milho-Tipo-1-Liza-Especiais-Garrafa-900ml
44,"R$ 14,99","R$ 14,99",Óleo de Milho Liza,Liza,900ml,Grupo D'avo,https://www.davo.com.br/mercearia/%C3%B3leo-de-milho-tipo-1-liza-especiais-garrafa-900ml/prod_7896036090619
45,"R$ 17,05","R$ 18,95",Óleo de Milho Liza,Liza,900ml,Americanas,https://www.americanas.com.br/produto/7497327200/oleo-de-milho-liza-especiais-900ml?pfm_carac=oleo-liza&pfm_index=7&pfm_page=search&pfm_pos=grid&pfm_type=search_page&offerId=664df96ef85575c5690ac1ee
46,"R$ 18,99","R$ 18,99",Óleo de Milho Liza,Liza,900ml,Natural Da Terra,https://naturaldaterra.com.br/oleo-de-milho-tipo-1-liza-especiais-garrafa-900ml.html
47,"R$ 16,99","R$ 16,99",Óleo de Milho Liza,Liza,900ml,Supermercado Bbcop,https://www.sitemercado.com.br/supermercadobbcop/ribeirao-preto-supermercado-bbcop-vila-monte-alegre-rua-bernardino-de-campos/produto/oleo-de-milho-liza-pet-900ml
48,"R$ 17,49","R$ 17,49",Óleo de Milho Liza,Liza,900ml,Hortifruti,https://hortifruti.com.br/oleo-de-milho-tipo-1-liza-especiais-garrafa-900ml.html
49,"R$ 15,49","R$ 15,49",Óleo de Milho Liza,Liza,900ml,Super Canarana,https://www.supercanarana.com.br/p/Oleo-de-Milho-Tipo-1-Liza-Especiais-Garrafa-900ml
50,"R$ 16,99","R$ 16,99",Óleo de Milho Liza,Liza,900ml,Super Nosso,https://www.supernosso.com/23080-oleo-de-milho-tipo-1-liza-especiais-garrafa-900ml/p
51,"R$ 10,90","R$ 10,90",Óleo de Milho Liza,Liza,900ml,Supermercado Instabuy Departamentos,https://supermercado.instabuy.com.br/p/Oleo-de-Milho-Tipo-1-Liza-Especiais-Garrafa-900ml
52,"R$ 17,39","R$ 17,39",Óleo de Milho Liza,Liza,900ml,Super José,https://www.superjose.com.br/p/Oleo-de-Milho-Tipo-1-Liza-Especiais-Garrafa-900ml
53,"R$ 12,99","R$ 13,99",Óleo de Milho Liza,Liza,900ml,Supermercado Avenida,https://loja.supermercadosavenida.com.br/oleo-de-milho-liza-900ml/p
54,"R$ 14,49","R$ 14,49",Óleo de Milho Liza,Liza,900ml,Supermercado Mais Rodrigues,https://supermercadomaisrodrigues.com.br/p/Oleo-Liza-De-Milho-900-Ml
55,"R$ 15,99","R$ 15,99",Óleo de Milho Liza,Liza,900ml,Angeloni,https://www.angeloni.com.br/super/oleo-de-milho-liza-900ml-976113/p
56,"R$ 14,99","R$ 17,49",Óleo de Milho Liza,Liza,900ml,Mambo,https://www.mambo.com.br/oleo-de-milho-liza-900ml/p
57,"R$ 17,99","R$ 17,99",Óleo de Milho Liza,Liza,900ml,Unicooper Spermercado,https://unicoopersupermercados.com.br/loja/produto/oleo-de-milho-liza-900ml-18548/
58,"R$ 24,49","R$ 24,49",Óleo de Milho Liza,Liza,900ml,Marques Supermercados,https://www.sitemercado.com.br/marquessupermercado/fortaleza-marques-supermercado-montese-rua-alan-kardec/produto/oleo-de-milho-liza-pet-900ml?B2C.PreRender=true
59,"R$ 21,99","R$ 21,99",Óleo de Milho Liza,Liza,900ml,LiderBox Supermercados,https://www.sitemercado.com.br/liderboxsupermercados/fortaleza-liderbox-supermercados-alto-da-balanca-rua-tenente-roma/produto/oleo-de-milho-liza-pet-900ml?B2C.PreRender=true
60,"R$ 18,17","R$ 18,17",Óleo de Milho Liza,Liza,900ml,Big Supermercados,https://www.sitemercado.com.br/bigsupermercados/braganca-paulista-emporio-big-jardim-america-av-dos-imigrantes/produto/oleo-de-milho-liza-pet-900ml?B2C.PreRender=true
61,"R$ 18,69","R$ 18,69",Óleo De Canola,Liza,900ml,Bretas atacarejo,https://www.bretasatacarejo.com.br/oleo-de-canola-liza-pet-900ml/p
62,"R$ 17,98","R$ 19,98",Óleo De Canola,Liza,900ml,Giassi,https://www.giassi.com.br/oleo_de_canola_tipo_1_liza_especiais_garrafa_900ml_206849/p
63,"R$ 17,89","R$ 17,89",Óleo De Canola,Liza,900ml,GBarbosa,https://www.gbarbosa.com.br/oleo-de-canola-liza-pet-900ml-1100451/p
64,"R$ 23,79","R$ 23,79",Óleo De Canola,Liza,900ml,Zona sul,https://www.zonasul.com.br/oleo-de-canola-liza-900-ml-124290/p
65,"R$ 17,95","R$ 17,95",Óleo De Canola,Liza,900ml,Angeloni,https://www.angeloni.com.br/super/oleo-de-canola-liza-900ml-976130/p
66,"R$ 22,90","R$ 22,90",Óleo De Canola,Liza,900ml,Mercado Brasco,https://www.mercadobrasco.com.br/oleo-de-milho-tipo-1-liza-especiais-garrafa-900ml/7896036090619/d
67,"R$ 15,69","R$ 15,69",Óleo De Canola,Liza,900ml,praso,https://praso.com.br/products/oleo-de-canola-liza-900ml
68,"R$ 21,90","R$ 21,90",Óleo De Canola,Liza,900ml,Empório Varanda,https://www.varanda.com.br/oleo-de-canola-pet-liza-900ml.html
69,"R$ 13,99","R$ 13,99",Óleo De Canola,Liza,900ml,Superpão,https://loja.superpao.com.br/oleo-de-canola-liza-900ml/p
70,"R$ 11,60","R$ 11,60",Óleo De Canola,Liza,900ml,Super Muffato,https://www.supermuffato.com.br/oleo-de-canola-liza-900ml-12288/p
71,"R$ 13,69","R$ 13,69",Óleo De Canola,Liza,900ml,Compre mais,https://www.somoscompremais.com.br/oleo-de-canola-liza-900ml/p
72,"R$ 15,99","R$ 15,99",Óleo De Canola,Liza,900ml,Extra bom,https://www.extrabom.com.br/p/a-leo-canola-liza-900ml/8944/
73,"R$ 21,98","R$ 21,98",Óleo De Canola,Liza,900ml,Super prix,https://www.superprix.com.br/oleo-de-canola-liza-900ml/p?uam=true&mobile=3
74,"R$ 16,29","R$ 16,29",Óleo De Canola,Liza,900ml,Mercantil atacado,https://www.mercantilatacado.com.br/oleo-de-canola-liza-pet-900ml/p
75,"R$ 14,99","R$ 14,99",Óleo De Canola,Liza,900ml,Boa supermercados,https://www.boasupermercados.com.br/oleo-de-canola-liza-900ml-765/p
76,"R$ 16,99","R$ 16,99",Óleo De Canola,Liza,900ml,Coop supermercado,https://www.coopsupermercado.com.br/0leo-liza-canola-900ml/p
77,"R$ 19,99","R$ 19,99",Óleo De Canola,Liza,900ml,Oba Hortifruti,https://www.obahortifruti.com.br/oleo-de-canola-liza-900-ml/p
78,"R$ 18,49","R$ 18,49",Óleo De Canola,Liza,900ml,Marche,https://www.marche.com.br/produtos/oleo-de-canola-liza-pet-900ml
79,"R$ 16,99","R$ 16,99",Óleo De Canola,Liza,900ml,Red mix,https://www.redemix.com.br/7896036090626oleo-de-canola-liza-900ml/p
80,"R$ 17,99","R$ 17,99",Óleo De Canola,Liza,900ml,Hiperideal,https://www.hiperideal.com.br/oleo-canola-liza-900ml/p
81,"R$ 17,98","R$ 17,98",Óleo De Canola,Liza,900ml,Festval,https://www.festval.com/oleo_de_canola_liza_900ml/p
82,"R$ 16,36","R$ 20,46",Óleo De Canola,Liza,900ml,Mercado livre / Carrefour,https://www.mercadolivre.com.br/oleo-de-canola-liza-garrafa-sem-gluten-900-ml/p/MLB16636967
83,"R$ 16,90","R$ 16,90",Óleo De Canola,Liza,900ml,Casa Santa Luzia,https://www.santaluzia.com.br/oleo-de-canola-liza-especiais-900ml--678112/p
84,"R$ 15,29","R$ 15,29",Óleo De Canola,Liza,900ml,supermercados koch ,https://www.superkoch.com.br/oleo-de-canola-liza-900ml-12072
85,"R$ 15,99","R$ 15,99",Óleo De Canola,Liza,900ml,Super Canarana,https://www.supercanarana.com.br/p/Oleo-de-Canola-Tipo-1-Liza-Especiais-Garrafa-900ml
86,"R$ 19,45","R$ 19,45",Óleo De Canola,Liza,900ml,Magazine Luiza / Casa Santa Luzia,https://www.magazineluiza.com.br/oleo-de-canola-liza-especiais-900ml/p/dgc1c6bhfg/me/olcz/?&seller_id=casasantaluzia2&utm_source=google&utm_medium=pla&utm_term=&utm_campaign=&partner_id=68055&gclsrc=aw.ds&gclid=CjwKCAjw74e1BhBnEiwAbqOAjJdPf3s0EszIjMVKpBXJsA7xPQo7HWI9GlxQ3IY6uZF2Tfv0WPJs7xoCQqIQAvD_BwE
87,"R$ 14,99","R$ 14,99",Óleo De Canola,Liza,900ml,Mambo Supermercado,https://www.amigao.com/pozzobon/oleo-canola-liza-900ml-6513.html
88,"R$ 13,71","R$ 13,71",Óleo De Canola,Liza,900ml,Rommac,https://www.rommac.com.br/oleo-de-canola-liza-garrafa-900ml
89,"R$ 16,79","R$ 16,79",Óleo De Canola,Liza,900ml,Bretas,https://www.bretas.com.br/oleo-de-canola-liza-pet-900ml/p
90,"R$ 17,99","R$ 17,99",Óleo De Canola,Liza,900ml,Trela,https://trela.com.br/emporio/1/produto/12294